{
    "weights": {
        "PETR4": 0.56874,
        "AAPL": 0.43126
    },
    "performance": [
        0.13093009980746825,
        0.17278518125305764,
        0.7577623199972844
    ]
}