{
    "weights": {
        "PETR4": 0.4036,
        "AAPL": 0.5964
    },
    "performance": [
        0.1223138036924165,
        0.16373131872283211,
        0.7470397517500725
    ]
}